{"cameraMode":{"drawMode":0,"name":"Shaded","section":"Shading Mode"},"sceneLighting":true,"audioPlay":false,"sceneViewState":{"showFog":true,"showMaterialUpdate":true,"showSkybox":true,"showFlares":true,"showImageEffects":true,"showParticleSystems":true},"in2DMode":false,"pivot":{"x":-4.191437721252441,"y":-6.4853515625,"z":-3.2806897163391115},"rotation":{"x":0.24202856421470643,"y":-0.3094499409198761,"z":0.08169303089380264,"w":0.9159924983978272},"size":11.836530685424805,"orthographic":false}