{"cameraMode":{"drawMode":0,"name":"Shaded","section":"Shading Mode"},"sceneLighting":true,"audioPlay":false,"sceneViewState":{"showFog":true,"showMaterialUpdate":true,"showSkybox":true,"showFlares":true,"showImageEffects":true,"showParticleSystems":true},"in2DMode":false,"pivot":{"x":0.5704135894775391,"y":1.5424555540084839,"z":2.2649359703063967},"rotation":{"x":-0.10105526447296143,"y":0.09654230624437332,"z":-0.009856466203927994,"w":-0.9901453256607056},"size":2.4177494049072267,"orthographic":false}