{"cameraMode":{"drawMode":0,"name":"Shaded","section":"Shading Mode"},"sceneLighting":true,"audioPlay":false,"sceneViewState":{"showFog":true,"showMaterialUpdate":true,"showSkybox":true,"showFlares":true,"showImageEffects":true,"showParticleSystems":true},"in2DMode":false,"pivot":{"x":-10.666010856628418,"y":-6.884786605834961,"z":10.899731636047364},"rotation":{"x":-0.17483384907245637,"y":0.41192787885665896,"z":-0.08078301697969437,"w":-0.8906639218330383},"size":15.96569538116455,"orthographic":false}