{"cameraMode":{"drawMode":0,"name":"Shaded","section":"Shading Mode"},"sceneLighting":false,"audioPlay":false,"sceneViewState":{"showFog":true,"showMaterialUpdate":true,"showSkybox":false,"showFlares":true,"showImageEffects":true,"showParticleSystems":true},"in2DMode":false,"pivot":{"x":0.10559285432100296,"y":-1.4163094758987427,"z":0.7247955799102783},"rotation":{"x":-0.11181391775608063,"y":-0.4870007634162903,"z":0.0630299299955368,"w":-0.8639283776283264},"size":0.37893587350845339,"orthographic":false}