{"cameraMode":{"drawMode":0,"name":"Shaded","section":"Shading Mode"},"sceneLighting":true,"audioPlay":false,"sceneViewState":{"showFog":true,"showMaterialUpdate":true,"showSkybox":true,"showFlares":true,"showImageEffects":true,"showParticleSystems":true},"in2DMode":false,"pivot":{"x":-2.1823222637176515,"y":0.0338129997253418,"z":4.975002765655518},"rotation":{"x":-0.12807154655456544,"y":0.219431534409523,"z":-0.029071971774101259,"w":-0.9667532444000244},"size":18.947795867919923,"orthographic":false}