{"cameraMode":{"drawMode":0,"name":"Shaded","section":"Shading Mode"},"sceneLighting":true,"audioPlay":false,"sceneViewState":{"showFog":true,"showMaterialUpdate":true,"showSkybox":true,"showFlares":true,"showImageEffects":true,"showParticleSystems":true},"in2DMode":false,"pivot":{"x":0.4290701150894165,"y":-0.8090324401855469,"z":1.7686772346496583},"rotation":{"x":-0.13319145143032075,"y":-0.055595073848962787,"z":0.007540537975728512,"w":-0.989529550075531},"size":7.508681297302246,"orthographic":false}