{"cameraMode":{"drawMode":0,"name":"Shaded","section":"Shading Mode"},"sceneLighting":false,"audioPlay":false,"sceneViewState":{"showFog":true,"showMaterialUpdate":true,"showSkybox":false,"showFlares":true,"showImageEffects":true,"showParticleSystems":true},"in2DMode":false,"pivot":{"x":-0.0416533425450325,"y":0.33496782183647158,"z":0.7417481541633606},"rotation":{"x":-0.023676782846450807,"y":0.050660502165555957,"z":-0.001202902290970087,"w":-0.998443067073822},"size":0.22106415033340455,"orthographic":false}