{"cameraMode":{"drawMode":0,"name":"Shaded","section":"Shading Mode"},"sceneLighting":true,"audioPlay":false,"sceneViewState":{"showFog":true,"showMaterialUpdate":true,"showSkybox":true,"showFlares":true,"showImageEffects":true,"showParticleSystems":true},"in2DMode":false,"pivot":{"x":2.9520788192749025,"y":3.572648763656616,"z":5.011556148529053},"rotation":{"x":0.07674158364534378,"y":-0.6896895170211792,"z":0.0739927738904953,"w":0.7163048982620239},"size":5.56795597076416,"orthographic":false}