{"cameraMode":{"drawMode":0,"name":"Shaded","section":"Shading Mode"},"sceneLighting":true,"audioPlay":false,"sceneViewState":{"showFog":true,"showMaterialUpdate":true,"showSkybox":true,"showFlares":true,"showImageEffects":true,"showParticleSystems":true},"in2DMode":false,"pivot":{"x":48.689144134521487,"y":42.59296417236328,"z":71.6125717163086},"rotation":{"x":-0.06467803567647934,"y":0.9101280570030212,"z":-0.1554790437221527,"w":-0.37858784198760989},"size":5.160087585449219,"orthographic":false}