{"cameraMode":{"drawMode":0,"name":"Shaded","section":"Shading Mode"},"sceneLighting":true,"audioPlay":false,"sceneViewState":{"showFog":true,"showMaterialUpdate":true,"showSkybox":true,"showFlares":true,"showImageEffects":true,"showParticleSystems":true},"in2DMode":false,"pivot":{"x":-0.8131897449493408,"y":0.8840854167938232,"z":-16.463603973388673},"rotation":{"x":0.02746981754899025,"y":-0.7298698425292969,"z":0.02933683432638645,"w":0.6824318170547485},"size":3.5004100799560549,"orthographic":false}