{"cameraMode":{"drawMode":0,"name":"Shaded","section":"Shading Mode"},"sceneLighting":true,"audioPlay":false,"sceneViewState":{"showFog":true,"showMaterialUpdate":true,"showSkybox":true,"showFlares":true,"showImageEffects":true,"showParticleSystems":true},"in2DMode":false,"pivot":{"x":10.940040588378907,"y":-21.007543563842775,"z":-9.342489242553711},"rotation":{"x":0.015917258337140085,"y":0.9385286569595337,"z":-0.34205785393714907,"w":0.04367290437221527},"size":25.336917877197267,"orthographic":false}