{"cameraMode":{"drawMode":0,"name":"Shaded","section":"Shading Mode"},"sceneLighting":true,"audioPlay":false,"sceneViewState":{"showFog":true,"showMaterialUpdate":true,"showSkybox":true,"showFlares":true,"showImageEffects":true,"showParticleSystems":true},"in2DMode":false,"pivot":{"x":-0.7604034543037415,"y":-0.190765380859375,"z":6.930210113525391},"rotation":{"x":-0.18334080278873444,"y":0.3134584128856659,"z":-0.061819419264793399,"w":-0.9296867847442627},"size":5.543704509735107,"orthographic":false}