{"cameraMode":{"drawMode":0,"name":"Shaded","section":"Shading Mode"},"sceneLighting":false,"audioPlay":false,"sceneViewState":{"showFog":true,"showMaterialUpdate":true,"showSkybox":false,"showFlares":true,"showImageEffects":true,"showParticleSystems":true},"in2DMode":false,"pivot":{"x":-9.143346786499024,"y":-5.668724060058594,"z":-18.07459259033203},"rotation":{"x":0.033017583191394809,"y":-0.9623910188674927,"z":0.13629692792892457,"w":0.23277677595615388},"size":10.840306282043457,"orthographic":false}