{"cameraMode":{"drawMode":0,"name":"Shaded","section":"Shading Mode"},"sceneLighting":false,"audioPlay":false,"sceneViewState":{"showFog":true,"showMaterialUpdate":true,"showSkybox":false,"showFlares":true,"showImageEffects":true,"showParticleSystems":true},"in2DMode":false,"pivot":{"x":0.28622013330459597,"y":0.06784028559923172,"z":0.1252179741859436},"rotation":{"x":0.00028555429889820516,"y":-0.41709432005882265,"z":-0.00009803901775740087,"w":-0.9088928699493408},"size":0.2587612271308899,"orthographic":false}