{"cameraMode":{"drawMode":0,"name":"Shaded","section":"Shading Mode"},"sceneLighting":true,"audioPlay":false,"sceneViewState":{"showFog":true,"showMaterialUpdate":true,"showSkybox":true,"showFlares":true,"showImageEffects":true,"showParticleSystems":true},"in2DMode":false,"pivot":{"x":-6.06766414642334,"y":2.1139614582061769,"z":3.083639621734619},"rotation":{"x":0.19922229647636414,"y":-0.26095572113990786,"z":0.055105432868003848,"w":0.942980170249939},"size":29.808094024658204,"orthographic":false}