{"cameraMode":{"drawMode":0,"name":"Shaded","section":"Shading Mode"},"sceneLighting":true,"audioPlay":false,"sceneViewState":{"showFog":true,"showMaterialUpdate":true,"showSkybox":true,"showFlares":true,"showImageEffects":true,"showParticleSystems":true},"in2DMode":false,"pivot":{"x":-1.7083357572555543,"y":-0.195973739027977,"z":0.8994746208190918},"rotation":{"x":0.17847903072834016,"y":-0.3323350250720978,"z":0.0641256794333458,"w":0.9239271879196167},"size":9.343714714050293,"orthographic":false}