{"cameraMode":{"drawMode":0,"name":"Shaded","section":"Shading Mode"},"sceneLighting":true,"audioPlay":false,"sceneViewState":{"showFog":true,"showMaterialUpdate":true,"showSkybox":true,"showFlares":true,"showImageEffects":true,"showParticleSystems":true},"in2DMode":false,"pivot":{"x":5.300026893615723,"y":3.62343168258667,"z":-2.148897171020508},"rotation":{"x":-0.16200853884220124,"y":0.1128155067563057,"z":-0.018647506833076478,"w":-0.980143666267395},"size":2.3913984298706056,"orthographic":false}