{"cameraMode":{"drawMode":0,"name":"Shaded","section":"Shading Mode"},"sceneLighting":true,"audioPlay":false,"sceneViewState":{"showFog":true,"showMaterialUpdate":true,"showSkybox":true,"showFlares":true,"showImageEffects":true,"showParticleSystems":true},"in2DMode":false,"pivot":{"x":-4.492776393890381,"y":-17.80977439880371,"z":-14.183059692382813},"rotation":{"x":0.0063413032330572609,"y":0.9357495307922363,"z":-0.3522183299064636,"w":0.016845276579260827},"size":27.834129333496095,"orthographic":false}