{"cameraMode":{"drawMode":0,"name":"Shaded","section":"Shading Mode"},"sceneLighting":true,"audioPlay":false,"sceneViewState":{"showFog":true,"showMaterialUpdate":true,"showSkybox":true,"showFlares":true,"showImageEffects":true,"showParticleSystems":true},"in2DMode":false,"pivot":{"x":-9.910347938537598,"y":12.928770065307618,"z":-30.02184295654297},"rotation":{"x":-0.01051296480000019,"y":0.8385221362113953,"z":-0.016064634546637536,"w":-0.5446042418479919},"size":16.314167022705079,"orthographic":false}