{"cameraMode":{"drawMode":0,"name":"Shaded","section":"Shading Mode"},"sceneLighting":true,"audioPlay":false,"sceneViewState":{"showFog":true,"showMaterialUpdate":true,"showSkybox":true,"showFlares":true,"showImageEffects":true,"showParticleSystems":true},"in2DMode":false,"pivot":{"x":-37.22346115112305,"y":2.7634053230285646,"z":28.397626876831056},"rotation":{"x":-0.002844865433871746,"y":0.34129393100738528,"z":-0.0009547604131512344,"w":-0.9399845004081726},"size":30.673582077026368,"orthographic":false}