{"cameraMode":{"drawMode":0,"name":"Shaded","section":"Shading Mode"},"sceneLighting":true,"audioPlay":false,"sceneViewState":{"showFog":true,"showMaterialUpdate":true,"showSkybox":true,"showFlares":true,"showImageEffects":true,"showParticleSystems":true},"in2DMode":false,"pivot":{"x":-1.7494733333587647,"y":5.501954078674316,"z":8.436256408691407},"rotation":{"x":-0.25469422340393069,"y":0.6517732739448547,"z":-0.2478463351726532,"w":-0.6700915098190308},"size":26.241086959838868,"orthographic":false}