{"cameraMode":{"drawMode":0,"name":"Shaded","section":"Shading Mode"},"sceneLighting":true,"audioPlay":false,"sceneViewState":{"showFog":true,"showMaterialUpdate":true,"showSkybox":true,"showFlares":true,"showImageEffects":true,"showParticleSystems":true},"in2DMode":false,"pivot":{"x":-1.8405704498291016,"y":-18.394285202026368,"z":-13.76555061340332},"rotation":{"x":0.01836484484374523,"y":0.9477720260620117,"z":-0.31355515122413638,"w":0.055507827550172809},"size":26.961456298828126,"orthographic":false}