{"cameraMode":{"drawMode":0,"name":"Shaded","section":"Shading Mode"},"sceneLighting":true,"audioPlay":false,"sceneViewState":{"showFog":true,"showMaterialUpdate":true,"showSkybox":true,"showFlares":true,"showImageEffects":true,"showParticleSystems":true},"in2DMode":false,"pivot":{"x":-0.3240678906440735,"y":1.6184254884719849,"z":1.5589375495910645},"rotation":{"x":-0.008734536357223988,"y":0.6658574342727661,"z":-0.007798240054398775,"w":-0.7459983229637146},"size":2.3822500705718996,"orthographic":false}