{"cameraMode":{"drawMode":0,"name":"Shaded","section":"Shading Mode"},"sceneLighting":true,"audioPlay":false,"sceneViewState":{"showFog":true,"showMaterialUpdate":true,"showSkybox":true,"showFlares":true,"showImageEffects":true,"showParticleSystems":true},"in2DMode":false,"pivot":{"x":-1.0089514255523682,"y":0.32443341612815859,"z":-9.384174346923829},"rotation":{"x":-0.22448858618736268,"y":0.397599995136261,"z":-0.10098068416118622,"w":-0.8839309215545654},"size":8.722102165222168,"orthographic":false}