{"cameraMode":{"drawMode":0,"name":"Shaded","section":"Shading Mode"},"sceneLighting":true,"audioPlay":false,"sceneViewState":{"showFog":true,"showMaterialUpdate":true,"showSkybox":true,"showFlares":true,"showImageEffects":true,"showParticleSystems":true},"in2DMode":false,"pivot":{"x":13.801444053649903,"y":14.407245635986329,"z":-38.882667541503909},"rotation":{"x":-0.174337238073349,"y":0.32376325130462649,"z":-0.06082964316010475,"w":-0.9279507994651794},"size":3.903406858444214,"orthographic":false}