{"cameraMode":{"drawMode":0,"name":"Shaded","section":"Shading Mode"},"sceneLighting":true,"audioPlay":false,"sceneViewState":{"showFog":true,"showMaterialUpdate":true,"showSkybox":true,"showFlares":true,"showImageEffects":true,"showParticleSystems":true},"in2DMode":false,"pivot":{"x":38.46869659423828,"y":27.091304779052736,"z":-44.10301971435547},"rotation":{"x":0.02928868867456913,"y":-0.08657677471637726,"z":-0.002556533319875598,"w":-0.9959447979927063},"size":14.711573600769043,"orthographic":false}