{"cameraMode":{"drawMode":0,"name":"Shaded","section":"Shading Mode"},"sceneLighting":false,"audioPlay":false,"sceneViewState":{"showFog":true,"showMaterialUpdate":true,"showSkybox":false,"showFlares":true,"showImageEffects":true,"showParticleSystems":true},"in2DMode":false,"pivot":{"x":-0.18337957561016084,"y":0.1090799942612648,"z":0.6154793500900269},"rotation":{"x":-0.011369866319000721,"y":0.23884990811347962,"z":-0.002798363333567977,"w":-0.9709947109222412},"size":0.22106415033340455,"orthographic":false}