{"cameraMode":{"drawMode":0,"name":"Shaded","section":"Shading Mode"},"sceneLighting":true,"audioPlay":false,"sceneViewState":{"showFog":true,"showMaterialUpdate":true,"showSkybox":true,"showFlares":true,"showImageEffects":true,"showParticleSystems":true},"in2DMode":false,"pivot":{"x":1.5080677270889283,"y":-0.8634169101715088,"z":-3.790947198867798},"rotation":{"x":0.1139402762055397,"y":-0.04497374966740608,"z":0.0050937719643116,"w":0.9924835562705994},"size":11.861370086669922,"orthographic":false}