{"cameraMode":{"drawMode":0,"name":"Shaded","section":"Shading Mode"},"sceneLighting":true,"audioPlay":false,"sceneViewState":{"showFog":true,"showMaterialUpdate":true,"showSkybox":true,"showFlares":true,"showImageEffects":true,"showParticleSystems":true},"in2DMode":false,"pivot":{"x":1.218857765197754,"y":-3.3784754276275636,"z":2.215060234069824},"rotation":{"x":-0.19140027463436128,"y":0.012065127491950989,"z":-0.0023545674048364164,"w":-0.9814404249191284},"size":22.105323791503908,"orthographic":false}