{"cameraMode":{"drawMode":0,"name":"Shaded","section":"Shading Mode"},"sceneLighting":true,"audioPlay":false,"sceneViewState":{"showFog":true,"showMaterialUpdate":true,"showSkybox":true,"showFlares":true,"showImageEffects":true,"showParticleSystems":true},"in2DMode":false,"pivot":{"x":-5.526213645935059,"y":2.7667107582092287,"z":-12.382293701171875},"rotation":{"x":-0.13848645985126496,"y":0.2522276043891907,"z":-0.036501605063676837,"w":-0.9570161700248718},"size":6.341818332672119,"orthographic":false}