{"cameraMode":{"drawMode":0,"name":"Shaded","section":"Shading Mode"},"sceneLighting":true,"audioPlay":false,"sceneViewState":{"showFog":true,"showMaterialUpdate":true,"showSkybox":true,"showFlares":true,"showImageEffects":true,"showParticleSystems":true},"in2DMode":false,"pivot":{"x":-11.861080169677735,"y":-7.488222122192383,"z":-22.70828628540039},"rotation":{"x":0.057140953838825229,"y":-0.93851637840271,"z":0.18945924937725068,"w":0.2829485535621643},"size":27.974584579467775,"orthographic":false}