{"cameraMode":{"drawMode":0,"name":"Shaded","section":"Shading Mode"},"sceneLighting":true,"audioPlay":false,"sceneViewState":{"showFog":true,"showMaterialUpdate":true,"showSkybox":true,"showFlares":true,"showImageEffects":true,"showParticleSystems":true},"in2DMode":false,"pivot":{"x":-15.780078887939454,"y":-2.347440242767334,"z":-2.9998831748962404},"rotation":{"x":-0.1528254598379135,"y":0.2516516447067261,"z":-0.04028075188398361,"w":-0.954831063747406},"size":19.059627532958986,"orthographic":false}