{"cameraMode":{"drawMode":0,"name":"Shaded","section":"Shading Mode"},"sceneLighting":true,"audioPlay":false,"sceneViewState":{"showFog":true,"showMaterialUpdate":true,"showSkybox":true,"showFlares":true,"showImageEffects":true,"showParticleSystems":true},"in2DMode":false,"pivot":{"x":-8.943991661071778,"y":82.8656234741211,"z":1390.5625},"rotation":{"x":0.033751290291547778,"y":0.9645687341690064,"z":-0.1534886658191681,"w":0.21194840967655183},"size":333.66583251953127,"orthographic":false}