{"cameraMode":{"drawMode":0,"name":"Shaded","section":"Shading Mode"},"sceneLighting":false,"audioPlay":false,"sceneViewState":{"showFog":true,"showMaterialUpdate":true,"showSkybox":false,"showFlares":true,"showImageEffects":true,"showParticleSystems":true},"in2DMode":false,"pivot":{"x":-0.030876005068421365,"y":-0.3132433295249939,"z":2.1872692108154299},"rotation":{"x":0.0976438969373703,"y":-0.007743776775896549,"z":0.0006957994773983955,"w":0.9952166676521301},"size":1.458761215209961,"orthographic":false}