{"cameraMode":{"drawMode":0,"name":"Shaded","section":"Shading Mode"},"sceneLighting":true,"audioPlay":false,"sceneViewState":{"showFog":true,"showMaterialUpdate":true,"showSkybox":true,"showFlares":true,"showImageEffects":true,"showParticleSystems":true},"in2DMode":false,"pivot":{"x":0.7544749975204468,"y":1.6913933753967286,"z":-0.6482992172241211},"rotation":{"x":-0.10180331021547318,"y":0.019701581448316575,"z":-0.002015819074586034,"w":-0.9946107864379883},"size":1.5231726169586182,"orthographic":false}