{"cameraMode":{"drawMode":0,"name":"Shaded","section":"Shading Mode"},"sceneLighting":true,"audioPlay":false,"sceneViewState":{"showFog":true,"showMaterialUpdate":true,"showSkybox":true,"showFlares":true,"showImageEffects":true,"showParticleSystems":true},"in2DMode":false,"pivot":{"x":8.692447662353516,"y":4.154054164886475,"z":-16.828798294067384},"rotation":{"x":-0.041330114006996158,"y":0.17649245262145997,"z":-0.007408331613987684,"w":-0.9834550023078919},"size":13.032264709472657,"orthographic":false}