{"cameraMode":{"drawMode":0,"name":"Shaded","section":"Shading Mode"},"sceneLighting":true,"audioPlay":false,"sceneViewState":{"showFog":true,"showMaterialUpdate":true,"showSkybox":true,"showFlares":true,"showImageEffects":true,"showParticleSystems":true},"in2DMode":false,"pivot":{"x":-1.0758886337280274,"y":0.4537629783153534,"z":7.48101806640625},"rotation":{"x":-0.1288389414548874,"y":0.27975067496299746,"z":-0.0379200205206871,"w":-0.9506444334983826},"size":7.712385177612305,"orthographic":false}