{"cameraMode":{"drawMode":0,"name":"Shaded","section":"Shading Mode"},"sceneLighting":false,"audioPlay":false,"sceneViewState":{"showFog":true,"showMaterialUpdate":true,"showSkybox":false,"showFlares":true,"showImageEffects":true,"showParticleSystems":true},"in2DMode":false,"pivot":{"x":0.37727391719818118,"y":0.009547453373670578,"z":0.27239230275154116},"rotation":{"x":0.00028555429889820516,"y":-0.41709432005882265,"z":-0.00009803901775740087,"w":-0.9088928699493408},"size":0.341238796710968,"orthographic":false}