{"cameraMode":{"drawMode":0,"name":"Shaded","section":"Shading Mode"},"sceneLighting":true,"audioPlay":false,"sceneViewState":{"showFog":true,"showMaterialUpdate":true,"showSkybox":true,"showFlares":true,"showImageEffects":true,"showParticleSystems":true},"in2DMode":false,"pivot":{"x":-12.156294822692871,"y":-6.8419036865234379,"z":-22.83901596069336},"rotation":{"x":0.057140953838825229,"y":-0.93851637840271,"z":0.18945924937725068,"w":0.2829485535621643},"size":30.240886688232423,"orthographic":false}