{"cameraMode":{"drawMode":0,"name":"Shaded","section":"Shading Mode"},"sceneLighting":true,"audioPlay":false,"sceneViewState":{"showFog":true,"showMaterialUpdate":true,"showSkybox":true,"showFlares":true,"showImageEffects":true,"showParticleSystems":true},"in2DMode":false,"pivot":{"x":-3.478497266769409,"y":2.3773891925811769,"z":-0.8521395921707153},"rotation":{"x":0.1091933473944664,"y":-0.45721477270126345,"z":0.05660002678632736,"w":0.8808411955833435},"size":8.225107192993164,"orthographic":false}