{"cameraMode":{"drawMode":0,"name":"Shaded","section":"Shading Mode"},"sceneLighting":true,"audioPlay":false,"sceneViewState":{"showFog":true,"showMaterialUpdate":true,"showSkybox":false,"showFlares":true,"showImageEffects":true,"showParticleSystems":true},"in2DMode":false,"pivot":{"x":55.779998779296878,"y":14.390003204345704,"z":1.2249984741210938},"rotation":{"x":0.057140953838825229,"y":-0.93851637840271,"z":0.18945924937725068,"w":0.2829485535621643},"size":201.27911376953126,"orthographic":false}