{"cameraMode":{"drawMode":0,"name":"Shaded","section":"Shading Mode"},"sceneLighting":false,"audioPlay":false,"sceneViewState":{"showFog":true,"showMaterialUpdate":true,"showSkybox":false,"showFlares":true,"showImageEffects":true,"showParticleSystems":true},"in2DMode":false,"pivot":{"x":2.836949586868286,"y":-2.489711284637451,"z":2.225240468978882},"rotation":{"x":-0.11181391775608063,"y":-0.4870007634162903,"z":0.0630299299955368,"w":-0.8639283776283264},"size":1.7210640907287598,"orthographic":false}