{"cameraMode":{"drawMode":0,"name":"Shaded","section":"Shading Mode"},"sceneLighting":true,"audioPlay":false,"sceneViewState":{"showFog":true,"showMaterialUpdate":true,"showSkybox":true,"showFlares":true,"showImageEffects":true,"showParticleSystems":true},"in2DMode":false,"pivot":{"x":-8.689655303955079,"y":-3.146984815597534,"z":-6.4055304527282719},"rotation":{"x":0.17847903072834016,"y":-0.3323350250720978,"z":0.0641256794333458,"w":0.9239271879196167},"size":11.503209114074707,"orthographic":false}