{"cameraMode":{"drawMode":0,"name":"Shaded","section":"Shading Mode"},"sceneLighting":true,"audioPlay":false,"sceneViewState":{"showFog":true,"showMaterialUpdate":true,"showSkybox":true,"showFlares":true,"showImageEffects":true,"showParticleSystems":true},"in2DMode":false,"pivot":{"x":-0.4407818615436554,"y":0.9010392427444458,"z":-16.41152572631836},"rotation":{"x":0.34104689955711367,"y":-0.4595392048358917,"z":0.196794331073761,"w":0.7961351275444031},"size":1.0465879440307618,"orthographic":false}